"1							";Ramon;Perez;hombre;Burgos;688688688;ramon.perez@forsoftware.com;3000
"2							";Marina;Ruiz;mujer;Vizcaya;688688689;marina.ruiz@forsoftware.com;3001
"3							";Luis;Vuitton;hombre;Cantabria;688688690;luis.vuittonz@forsoftware.com;3002
"4							";Tony;Cruz;hombre;Alicante;688688691;tony.cruz@forsoftware.com;3003
"5							";Rosalia;Flores;mujer;Valencia;688688692;rosalia.flores@forsoftware.com;3004
"6							";Iker;Aira;hombre;Galicia;688688693;iker.aira@forsoftware.com;3005
"7							";Julia;Alvarez;mujer;Malaga;688688694;julia.alvarez@forsoftware.com;3006
"8							";Ibai;Gomez;hombre;Asturias;688688695;ibai.gomez@forsoftware.com;3007
"9							";Juan;Rodrigez;hombre;Salamanca;688688696;juan.rodrigez@forsoftware.com;3008
"10							";Alejandro;Martinez;otros;Extremadura;688688697;alejandro.martinez@forsoftware.com;3009
